{"cameraMode":{"drawMode":0,"name":"Shaded","section":"Shading Mode"},"sceneLighting":false,"audioPlay":false,"sceneViewState":{"showFog":true,"showMaterialUpdate":false,"showSkybox":false,"showFlares":true,"showImageEffects":true,"showParticleSystems":true},"in2DMode":false,"pivot":{"x":72.89300537109375,"y":-64.39041137695313,"z":89.85941314697266},"rotation":{"x":-0.25263315439224245,"y":-0.29782596230506899,"z":0.08198805153369904,"w":-0.91701740026474},"size":69.34515380859375,"orthographic":false}