{"cameraMode":{"drawMode":0,"name":"Shaded","section":"Shading Mode"},"sceneLighting":false,"audioPlay":false,"sceneViewState":{"showFog":true,"showMaterialUpdate":false,"showSkybox":false,"showFlares":true,"showImageEffects":true,"showParticleSystems":true},"in2DMode":false,"pivot":{"x":-2.6193313598632814,"y":-1.9121654033660889,"z":44.876922607421878},"rotation":{"x":-0.12207315117120743,"y":0.12180653214454651,"z":-0.015115357004106045,"w":-0.984961986541748},"size":9.090801239013672,"orthographic":false}