{"cameraMode":{"drawMode":0,"name":"Shaded","section":"Shading Mode"},"sceneLighting":false,"audioPlay":false,"sceneViewState":{"showFog":true,"showMaterialUpdate":false,"showSkybox":false,"showFlares":true,"showImageEffects":true,"showParticleSystems":true},"in2DMode":false,"pivot":{"x":-1.5458534955978394,"y":0.4000876545906067,"z":-31.906152725219728},"rotation":{"x":0.08271202445030213,"y":0.012819450348615647,"z":-0.0010715938406065107,"w":0.996540367603302},"size":5.4585442543029789,"orthographic":false}