{"cameraMode":{"drawMode":0,"name":"Shaded","section":"Shading Mode"},"sceneLighting":false,"audioPlay":false,"sceneViewState":{"showFog":true,"showMaterialUpdate":false,"showSkybox":false,"showFlares":true,"showImageEffects":true,"showParticleSystems":true},"in2DMode":false,"pivot":{"x":6.004618167877197,"y":2.4603636264801027,"z":18.929079055786134},"rotation":{"x":-0.11972620338201523,"y":0.06965890526771546,"z":-0.008478093892335892,"w":-0.9903692603111267},"size":1.3147069215774537,"orthographic":false}