{"cameraMode":{"drawMode":0,"name":"Shaded","section":"Shading Mode"},"sceneLighting":false,"audioPlay":false,"sceneViewState":{"showFog":true,"showMaterialUpdate":false,"showSkybox":false,"showFlares":true,"showImageEffects":true,"showParticleSystems":true},"in2DMode":false,"pivot":{"x":-73.36399841308594,"y":-35.16114044189453,"z":66.9937744140625},"rotation":{"x":0.16229048371315003,"y":-0.4475836157798767,"z":0.08303000032901764,"w":0.87555992603302},"size":62.65865707397461,"orthographic":false}