{"cameraMode":{"drawMode":0,"name":"Shaded","section":"Shading Mode"},"sceneLighting":false,"audioPlay":false,"sceneViewState":{"showFog":true,"showMaterialUpdate":false,"showSkybox":false,"showFlares":true,"showImageEffects":true,"showParticleSystems":true},"in2DMode":false,"pivot":{"x":-1.3741734027862549,"y":1.9050248861312867,"z":-2.658424139022827},"rotation":{"x":-0.16964980959892274,"y":0.0971265360713005,"z":-0.01682322844862938,"w":-0.980603814125061},"size":2.9362900257110597,"orthographic":false}