{"cameraMode":{"drawMode":0,"name":"Shaded","section":"Shading Mode"},"sceneLighting":false,"audioPlay":false,"sceneViewState":{"showFog":true,"showMaterialUpdate":false,"showSkybox":false,"showFlares":true,"showImageEffects":true,"showParticleSystems":true},"in2DMode":false,"pivot":{"x":6.4788384437561039,"y":1.2392899990081788,"z":1.0004323720932007},"rotation":{"x":0.027686992660164834,"y":-0.4065057337284088,"z":0.012322240509092808,"w":0.9131751656532288},"size":5.091862201690674,"orthographic":false}