{"cameraMode":{"drawMode":0,"name":"Shaded","section":"Shading Mode"},"sceneLighting":false,"audioPlay":false,"sceneViewState":{"showFog":true,"showMaterialUpdate":false,"showSkybox":false,"showFlares":true,"showImageEffects":true,"showParticleSystems":true},"in2DMode":false,"pivot":{"x":-22.450382232666017,"y":7.0153326988220219,"z":10.5442533493042},"rotation":{"x":0.21110785007476808,"y":-0.7142070531845093,"z":0.24249860644340516,"w":0.621810793876648},"size":10.569585800170899,"orthographic":false}