{"cameraMode":{"drawMode":0,"name":"Shaded","section":"Shading Mode"},"sceneLighting":false,"audioPlay":false,"sceneViewState":{"showFog":true,"showMaterialUpdate":false,"showSkybox":false,"showFlares":true,"showImageEffects":true,"showParticleSystems":true},"in2DMode":false,"pivot":{"x":16.184240341186525,"y":2.5182149410247804,"z":22.8895320892334},"rotation":{"x":0.3351922333240509,"y":0.05054251104593277,"z":-0.01801184006035328,"w":0.9406655430793762},"size":36.26356506347656,"orthographic":false}