{"cameraMode":{"drawMode":0,"name":"Shaded","section":"Shading Mode"},"sceneLighting":true,"audioPlay":false,"sceneViewState":{"showFog":true,"showMaterialUpdate":false,"showSkybox":false,"showFlares":true,"showImageEffects":true,"showParticleSystems":true},"in2DMode":false,"pivot":{"x":-3.0761423110961916,"y":6.9828782081604,"z":14.393070220947266},"rotation":{"x":-0.1301489770412445,"y":0.6705931425094605,"z":-0.12123200297355652,"w":-0.7202326059341431},"size":3.357954978942871,"orthographic":false}