{"cameraMode":{"drawMode":0,"name":"Shaded","section":"Shading Mode"},"sceneLighting":false,"audioPlay":false,"sceneViewState":{"showFog":true,"showMaterialUpdate":false,"showSkybox":false,"showFlares":true,"showImageEffects":true,"showParticleSystems":true},"in2DMode":false,"pivot":{"x":10.162930488586426,"y":22.656803131103517,"z":-15.18067741394043},"rotation":{"x":0.31092244386672976,"y":-0.24111737310886384,"z":0.08186222612857819,"w":0.9157620072364807},"size":1.1761499643325806,"orthographic":false}