{"cameraMode":{"drawMode":0,"name":"Shaded","section":"Shading Mode"},"sceneLighting":false,"audioPlay":false,"sceneViewState":{"showFog":true,"showMaterialUpdate":false,"showSkybox":false,"showFlares":true,"showImageEffects":true,"showParticleSystems":true},"in2DMode":false,"pivot":{"x":6.716759204864502,"y":2.382927179336548,"z":-0.21459627151489259},"rotation":{"x":0.023452727124094964,"y":-0.9710067510604858,"z":0.10705704241991043,"w":0.21271316707134248},"size":2.976149797439575,"orthographic":false}